{
  "schemaVersion": 1,
  "id": "glazed",
  "version": "${version}",
  "name": "Glazed",
  "description": "An Addon made for donutsmp",
  "authors": [
    "nnpg"
  ],
  "contact": {
    "homepage": "https://glazedclient.com",
    "repo": "https://github.com/realnnpg/",
    "discord": "https://discord.gg/TCQDpG8ByY"

  },
  "license": "GPL-3.0",
  "icon": "assets/template/icon.png",
  "environment": "client",
  "entrypoints": {
    "meteor": [
      "com.nnpg.glazed.GlazedAddon"
    ]
  },


  "custom": {
    "meteor-client:color": "225,25,25",
    "modmenu": {
      "links": {
        "modmenu.website": "https://glazedclient.com",
        "modmenu.discord": "https://discord.gg/TCQDpG8ByY"
      }
    }
  },
  "depends": {
    "java": ">=21",
    "minecraft": ["${mc_version}"],
    "meteor-client": "*"
  }

}
